{
  "train_loss": [
    1.7971347570419312,
    1.7142847776412964,
    1.7005459070205688,
    1.5950648784637451,
    1.6562728881835938,
    1.6660429239273071,
    1.6816874742507935,
    1.650997281074524,
    1.6110419034957886,
    1.6429052352905273,
    1.5953456163406372,
    1.5563640594482422,
    1.6294788122177124,
    1.5946383476257324,
    1.5783069133758545
  ],
  "ssl_losses": [
    1.7901783846318722,
    1.7069631274789572,
    1.6928578848019242,
    1.5876321913674474,
    1.6485423538833857,
    1.659433115273714,
    1.6742449682205915,
    1.6442099027335644,
    1.603744792751968,
    1.6350512206554413,
    1.588069286197424,
    1.548186818137765,
    1.6218696935102344,
    1.587212304584682,
    1.570940064266324
  ],
  "edge_aucs": [
    0.35785278000000004,
    0.42568374,
    0.40422788,
    0.45311518,
    0.4025798,
    0.39678694,
    0.39901736000000004,
    0.39685428,
    0.42903966000000004,
    0.41382852,
    0.41471371999999995,
    0.46710985999999993,
    0.41528248,
    0.42456580000000005,
    0.42253208
  ],
  "node_accs": [
    0.4384057819843292,
    0.44478949904441833,
    0.46859902143478394,
    0.5438233017921448,
    0.5105244517326355,
    0.4475500285625458,
    0.4742926061153412,
    0.4737749993801117,
    0.4777432680130005,
    0.4984471797943115,
    0.5129399299621582,
    0.5479640960693359,
    0.48792269825935364,
    0.5031055808067322,
    0.5431331992149353
  ],
  "embedding_vars": [
    0.3039283752441406,
    0.26756665110588074,
    0.23094451427459717,
    0.256358802318573,
    0.22603611648082733,
    0.3383159041404724,
    0.2552007734775543,
    0.3206622004508972,
    0.26944541931152344,
    0.21353602409362793,
    0.2708616852760315,
    0.18130894005298615,
    0.23815998435020447,
    0.2561119496822357,
    0.2621663808822632
  ]
}