{
  "train_loss": [
    0.6836315393447876,
    0.6553863883018494,
    0.6311233043670654,
    0.6121655106544495,
    0.5959068536758423,
    0.5817572474479675,
    0.5682785511016846,
    0.5561555624008179,
    0.545973539352417,
    0.5351573824882507,
    0.5285446643829346,
    0.5187271237373352,
    0.510789155960083,
    0.5043109655380249,
    0.49484145641326904,
    0.4842889904975891,
    0.4748077988624573,
    0.4652698040008545,
    0.45597684383392334,
    0.44598788022994995
  ],
  "val_loss": [
    0.6718800663948059,
    0.6634629964828491,
    0.6571500897407532,
    0.6524150371551514,
    0.6483311653137207,
    0.6446095705032349,
    0.642917275428772,
    0.6420483589172363,
    0.6439348459243774,
    0.6468902230262756,
    0.6538981795310974,
    0.6581792831420898,
    0.6670277118682861,
    0.6755850315093994,
    0.6866299510002136,
    0.698989748954773,
    0.712142825126648,
    0.7263703346252441,
    0.7448793649673462,
    0.7550245523452759
  ],
  "task_losses": {
    "MaskedNodePrediction": [
      0.0006286173011176288,
      0.0006427547195926309,
      0.0006194720626808703,
      0.0006244632531888783,
      0.0006166765815578401,
      0.0006702393875457346,
      0.0006164996302686632,
      0.0005972382496111095,
      0.0006045387708581984,
      0.0006171787390485406,
      0.0006012849626131356,
      0.0006412920192815363,
      0.0006045214249752462,
      0.0006003895541653037,
      0.0006123582134023309,
      0.0006209058337844908,
      0.0006017510895617306,
      0.0006291046738624573,
      0.0005983053706586361,
      0.0006031202501617372
    ],
    "EdgePrediction": [
      0.7118387222290039,
      0.6609318256378174,
      0.6191011667251587,
      0.5880588293075562,
      0.5637823343276978,
      0.5424227714538574,
      0.5251407623291016,
      0.5107008218765259,
      0.5011031031608582,
      0.4926320016384125,
      0.49011868238449097,
      0.4868752062320709,
      0.48295122385025024,
      0.48377612233161926,
      0.4824386239051819,
      0.4778454005718231,
      0.4762725532054901,
      0.4761693775653839,
      0.4734984040260315,
      0.4692361056804657
    ],
    "NodeClassification": [
      1.0902785062789917,
      1.080925703048706,
      1.069844126701355,
      1.0583720207214355,
      1.044663429260254,
      1.0329186916351318,
      1.016972303390503,
      1.0006929636001587,
      0.9827249050140381,
      0.960747241973877,
      0.9429466724395752,
      0.9154941439628601,
      0.8956966996192932,
      0.8727417588233948,
      0.8433659672737122,
      0.8158178925514221,
      0.7868991494178772,
      0.7551866173744202,
      0.7287644743919373,
      0.7025555968284607
    ]
  }
}