{
  "train_loss": [
    1.119688630104065,
    1.097831130027771,
    1.1035125255584717,
    0.9897651076316833,
    0.985350489616394,
    1.040335774421692,
    0.9507513642311096,
    0.9363263845443726,
    0.9778168201446533,
    0.8868081569671631,
    0.9414543509483337,
    0.8352792263031006,
    0.9091934561729431,
    0.862586259841919,
    0.8169116377830505,
    0.8618320226669312,
    0.8935925960540771,
    0.8414472341537476,
    0.8118268251419067,
    0.8170774579048157,
    0.777734637260437,
    0.8096958994865417,
    0.7577356696128845,
    0.6615830659866333,
    0.7518110275268555,
    0.7040730714797974,
    0.671334981918335,
    0.6719061136245728,
    0.6745758652687073,
    0.6248221397399902
  ],
  "val_loss": [
    0.8239548206329346,
    0.8260998725891113,
    0.8343785405158997,
    0.8327622413635254,
    0.82420414686203,
    0.8186041712760925,
    0.8094640970230103,
    0.803489089012146,
    0.7937570810317993,
    0.787691593170166,
    0.7857213616371155,
    0.7817703485488892,
    0.7809475064277649,
    0.7750000953674316,
    0.776679277420044,
    0.7707251310348511,
    0.7618162631988525,
    0.7519120573997498,
    0.751062273979187,
    0.7481330633163452,
    0.7351221442222595,
    0.7384725213050842,
    0.7323974370956421,
    0.722131073474884,
    0.7182662487030029,
    0.7042876482009888,
    0.6911174058914185,
    0.6800357103347778,
    0.6498682498931885,
    0.650259256362915
  ],
  "task_losses": {
    "MaskedNodePrediction": [
      0.010726767592132092,
      0.009800940752029419,
      0.007358885835856199,
      0.007823207415640354,
      0.007585375569760799,
      0.006955257151275873,
      0.006380473263561726,
      0.008337725885212421,
      0.007074613124132156,
      0.008096934296190739,
      0.0071302661672234535,
      0.008352250792086124,
      0.006672198418527842,
      0.007041463628411293,
      0.007217830047011375,
      0.006253418512642384,
      0.006496566813439131,
      0.007347421254962683,
      0.006889230106025934,
      0.005791426170617342,
      0.00637693190947175,
      0.005947696976363659,
      0.006099130492657423,
      0.006165461614727974,
      0.004884624388068914,
      0.006069582421332598,
      0.005821379832923412,
      0.0050979903899133205,
      0.00485203368589282,
      0.006819793023169041
    ],
    "EdgePrediction": [
      0.8384261727333069,
      0.8527750968933105,
      0.8395015597343445,
      0.8019291758537292,
      0.7854349613189697,
      0.8234530091285706,
      0.7732444405555725,
      0.7942363619804382,
      0.7585101127624512,
      0.7636620402336121,
      0.7742165327072144,
      0.7590863108634949,
      0.8015471696853638,
      0.7810604572296143,
      0.7099304795265198,
      0.7600350975990295,
      0.7380396723747253,
      0.7345142960548401,
      0.7386606931686401,
      0.7231578826904297,
      0.6887816190719604,
      0.7074277400970459,
      0.7177866697311401,
      0.6672168374061584,
      0.7132070660591125,
      0.6713274121284485,
      0.6379662156105042,
      0.6909087300300598,
      0.6668674349784851,
      0.6646896600723267
    ],
    "NodeClassification": [
      2.2991623878479004,
      2.2054755687713623,
      2.254676103591919,
      1.9365910291671753,
      1.9501588344573975,
      2.0721797943115234,
      1.8591620922088623,
      1.7695679664611816,
      1.9716236591339111,
      1.6562671661376953,
      1.8240525722503662,
      1.4912792444229126,
      1.6724921464920044,
      1.550048589706421,
      1.5157618522644043,
      1.5852035284042358,
      1.726920485496521,
      1.556141972541809,
      1.4520241022109985,
      1.4990235567092896,
      1.4232230186462402,
      1.5001143217086792,
      1.3091439008712769,
      1.0726971626281738,
      1.301076054573059,
      1.2077993154525757,
      1.1551015377044678,
      1.0711791515350342,
      1.1209670305252075,
      0.9521917104721069
    ]
  }
}