{
  "train_loss": [
    0.6793766021728516,
    0.6675920486450195,
    0.6656191349029541,
    0.6580183506011963,
    0.6486283540725708,
    0.6451849341392517,
    0.638096809387207,
    0.6341979503631592,
    0.6287817358970642,
    0.6323186159133911
  ],
  "val_loss": [
    0.6721230149269104,
    0.6711204051971436,
    0.668369710445404,
    0.669532299041748,
    0.6709903478622437,
    0.6652665138244629,
    0.6717081069946289,
    0.6701070070266724,
    0.6780149340629578,
    0.681271493434906
  ],
  "task_losses": {
    "MaskedNodePrediction": [
      0.01385041605681181,
      0.010773354209959507,
      0.01706313155591488,
      0.014092438854277134,
      0.011571655049920082,
      0.01138180959969759,
      0.01375355664640665,
      0.008580553345382214,
      0.00966581329703331,
      0.013353731483221054
    ],
    "EdgePrediction": [
      0.6704201698303223,
      0.6605892181396484,
      0.6507840752601624,
      0.6475807428359985,
      0.6389434337615967,
      0.6359357833862305,
      0.627364993095398,
      0.6277525424957275,
      0.6255835890769958,
      0.6261005401611328
    ],
    "NodeClassification": [
      1.1010537147521973,
      1.0884134769439697,
      1.0772132873535156,
      1.0671182870864868,
      1.0586165189743042,
      1.0527840852737427,
      1.0355359315872192,
      1.0391368865966797,
      1.0210803747177124,
      1.0197153091430664
    ]
  }
}