{
  "train_loss": [
    0.7016315460205078,
    0.6685769557952881,
    0.6449488401412964,
    0.6245970726013184,
    0.6080838441848755,
    0.589724063873291,
    0.5742186903953552,
    0.5595697164535522,
    0.5474730730056763,
    0.5349369645118713,
    0.5251467823982239,
    0.5143500566482544,
    0.505108118057251,
    0.4949066638946533,
    0.4865722060203552,
    0.47796452045440674,
    0.4675232172012329,
    0.45783481001853943,
    0.4492883086204529,
    0.43894320726394653,
    0.43052929639816284,
    0.4202421307563782,
    0.40839648246765137,
    0.40057504177093506,
    0.39193734526634216
  ],
  "val_loss": [
    0.6753798723220825,
    0.6538136005401611,
    0.636427640914917,
    0.6211510300636292,
    0.6085031032562256,
    0.5961732864379883,
    0.5856564044952393,
    0.5774065256118774,
    0.5713558197021484,
    0.567593514919281,
    0.5633000731468201,
    0.5627360939979553,
    0.5616806149482727,
    0.5633050203323364,
    0.5654058456420898,
    0.5680612325668335,
    0.5707250833511353,
    0.5746020078659058,
    0.5787492990493774,
    0.5839645862579346,
    0.5918290615081787,
    0.5992222428321838,
    0.6097898483276367,
    0.619948148727417,
    0.6255785822868347
  ],
  "task_losses": {
    "MaskedNodePrediction": [
      0.0005146593903191388,
      0.0005317499744705856,
      0.0005104633164592087,
      0.000545489601790905,
      0.000537071144208312,
      0.0005200864979997277,
      0.0005369894206523895,
      0.000531026569660753,
      0.0005259595927782357,
      0.0005254545831121504,
      0.0005341656506061554,
      0.0005257200682535768,
      0.0005192169337533414,
      0.0005149072385393083,
      0.0005142812733538449,
      0.0005093580111861229,
      0.0005198569851927459,
      0.0004968079156242311,
      0.0005006389110349119,
      0.0005052456399425864,
      0.0005007384461350739,
      0.00047583517152816057,
      0.00047038597404025495,
      0.0004746626946143806,
      0.000471252657007426
    ],
    "EdgePrediction": [
      0.7517191767692566,
      0.6906395554542542,
      0.64997398853302,
      0.616269588470459,
      0.5912084579467773,
      0.5630348920822144,
      0.5417314767837524,
      0.5235734581947327,
      0.5107139945030212,
      0.4984080195426941,
      0.49072521924972534,
      0.48534688353538513,
      0.4833112359046936,
      0.478118360042572,
      0.47859811782836914,
      0.47746774554252625,
      0.478104829788208,
      0.47746434807777405,
      0.47798222303390503,
      0.47596853971481323,
      0.4746655225753784,
      0.4720906615257263,
      0.4671838581562042,
      0.4671787917613983,
      0.46262744069099426
    ],
    "NodeClassification": [
      1.0841909646987915,
      1.0757514238357544,
      1.0648378133773804,
      1.0530558824539185,
      1.0398083925247192,
      1.025621771812439,
      1.0093865394592285,
      0.9908398389816284,
      0.9719669818878174,
      0.9506915807723999,
      0.9308333396911621,
      0.9038363099098206,
      0.8764441013336182,
      0.8511086106300354,
      0.8225295543670654,
      0.7957376837730408,
      0.7598364353179932,
      0.7286860942840576,
      0.6993218660354614,
      0.6681790351867676,
      0.6423193216323853,
      0.6124032139778137,
      0.5811138153076172,
      0.5550366044044495,
      0.5338412523269653
    ]
  }
}