{
  "train_loss": [
    0.6802636981010437,
    0.6578989028930664,
    0.6364957094192505,
    0.6159767508506775,
    0.5961849689483643,
    0.5767982006072998,
    0.5571601986885071,
    0.537850558757782,
    0.5188242793083191,
    0.5003469586372375,
    0.4833943843841553,
    0.46806687116622925,
    0.45399370789527893,
    0.4426538050174713,
    0.43378233909606934,
    0.42697328329086304,
    0.422529399394989,
    0.4196819067001343,
    0.41786354780197144,
    0.41776350140571594,
    0.4176853895187378,
    0.4177984297275543,
    0.41758882999420166,
    0.4176129698753357,
    0.41731494665145874,
    0.41700536012649536,
    0.41555896401405334,
    0.41540229320526123
  ],
  "val_loss": [
    0.671371579170227,
    0.6626827120780945,
    0.6549030542373657,
    0.6480178833007812,
    0.6421008110046387,
    0.6375260353088379,
    0.6339884996414185,
    0.6322746872901917,
    0.6328083276748657,
    0.6358492970466614,
    0.6418243646621704,
    0.6514595746994019,
    0.6642251014709473,
    0.6809850931167603,
    0.7008776664733887,
    0.7230538129806519,
    0.7453986406326294,
    0.7691341638565063,
    0.7910100817680359,
    0.8005968332290649,
    0.8094669580459595,
    0.8163205981254578,
    0.8215484619140625,
    0.8258942365646362,
    0.8273001313209534,
    0.828517496585846,
    0.8281641602516174,
    0.8265238404273987
  ],
  "task_losses": {
    "MaskedNodePrediction": [
      0.0009137511951848865,
      0.0008845499251037836,
      0.000854235258884728,
      0.0008579700952395797,
      0.0008748332620598376,
      0.0008668308728374541,
      0.000866705784574151,
      0.0008262402843683958,
      0.0008183307363651693,
      0.0008451645844615996,
      0.0007953955209814012,
      0.0008155114483088255,
      0.0008027274161577225,
      0.0008128046756610274,
      0.0007760831504128873,
      0.0007945135585032403,
      0.0007397976005449891,
      0.0007527507841587067,
      0.0007313821115531027,
      0.0007582482066936791,
      0.0007244515581987798,
      0.0007298091659322381,
      0.0006841382128186524,
      0.0007438758038915694,
      0.0006801447598263621,
      0.0007598674856126308,
      0.0006707027205266058,
      0.0006845540483482182
    ],
    "EdgePrediction": [
      0.688683271408081,
      0.6872745752334595,
      0.6862175464630127,
      0.6851652264595032,
      0.6841771602630615,
      0.683649480342865,
      0.6828794479370117,
      0.6825459599494934,
      0.6820515394210815,
      0.6816238164901733,
      0.6821318864822388,
      0.6818512678146362,
      0.6818073391914368,
      0.6821218132972717,
      0.6817571520805359,
      0.6810405850410461,
      0.6796015501022339,
      0.6792283058166504,
      0.6769005060195923,
      0.6751489043235779,
      0.6749302744865417,
      0.6747419834136963,
      0.673789381980896,
      0.6731173992156982,
      0.6730116009712219,
      0.6721588969230652,
      0.6708233952522278,
      0.6700581312179565
    ],
    "NodeClassification": [
      1.1166943311691284,
      1.0445902347564697,
      0.9751089811325073,
      0.9084538221359253,
      0.8440716862678528,
      0.7803555130958557,
      0.7161791324615479,
      0.6525044441223145,
      0.5899338722229004,
      0.5289662480354309,
      0.4717768430709839,
      0.4210856854915619,
      0.3742910325527191,
      0.3359336853027344,
      0.3070923089981079,
      0.285528302192688,
      0.27329614758491516,
      0.2643834054470062,
      0.26227298378944397,
      0.2647692561149597,
      0.2649858891963959,
      0.26565879583358765,
      0.2666999399662018,
      0.2677013576030731,
      0.2670966684818268,
      0.2672201693058014,
      0.2649218440055847,
      0.2656288743019104
    ]
  }
}