{
  "train_loss": [
    0.7492724657058716,
    0.69834303855896,
    0.6626290082931519,
    0.6357338428497314,
    0.6122454404830933,
    0.5972614884376526,
    0.5832176804542542,
    0.5708061456680298,
    0.5617945194244385,
    0.5539978742599487,
    0.545719563961029,
    0.54035884141922,
    0.5344799757003784,
    0.5281528830528259,
    0.5254999399185181
  ],
  "val_loss": [
    0.6954123377799988,
    0.6643557548522949,
    0.6400563716888428,
    0.6217389106750488,
    0.6078261137008667,
    0.5973073244094849,
    0.5875269174575806,
    0.5814324617385864,
    0.5750352144241333,
    0.5713096261024475,
    0.5681031942367554,
    0.5653823018074036,
    0.563548743724823,
    0.5610668063163757,
    0.5601586103439331
  ],
  "task_losses": {
    "MaskedNodePrediction": [
      0.0008002020767889917,
      0.000801998598035425,
      0.000824399059638381,
      0.0007881222409196198,
      0.0007721312576904893,
      0.0007998875225894153,
      0.0007515485631301999,
      0.0008193687535822392,
      0.0008178644347935915,
      0.0008025576826184988,
      0.0007990673766471446,
      0.0007910057902336121,
      0.000759944028686732,
      0.0007930890424177051,
      0.0007934313034638762
    ],
    "EdgePrediction": [
      0.8311216235160828,
      0.735478937625885,
      0.6710629463195801,
      0.6234511733055115,
      0.5824036002159119,
      0.5585100650787354,
      0.5370761156082153,
      0.5178022384643555,
      0.5061426758766174,
      0.4977838695049286,
      0.4882436990737915,
      0.48495060205459595,
      0.48081937432289124,
      0.47820398211479187,
      0.4807071089744568
    ],
    "NodeClassification": [
      1.1097047328948975,
      1.0993385314941406,
      1.0875771045684814,
      1.0774003267288208,
      1.0675716400146484,
      1.0573551654815674,
      1.0464268922805786,
      1.036952257156372,
      1.0263510942459106,
      1.0143444538116455,
      1.002662181854248,
      0.990308403968811,
      0.9777012467384338,
      0.9608593583106995,
      0.947843074798584
    ]
  }
}