{
  "dataset": "hdfs_full",
  "timestamp": "2025-08-07T15:23:01.252737",
  "model_config": {
    "input_dim": 10001,
    "output_dim": 64,
    "encoder_type": "gat"
  },
  "results": {
    "representation_quality": {
      "embedding_variance": 0.0004607916343957186,
      "embedding_norm": 0.8405084013938904,
      "mean_cosine_similarity": 0.997742235660553,
      "std_cosine_similarity": 0.005559983197599649
    },
    "ssl_tasks": {
      "masked_node_prediction_loss": 0.000847000046633184,
      "edge_prediction_loss": 0.7254795432090759,
      "edge_prediction_auc": 0.1054834115588936,
      "node_classification_loss": 1.3389110565185547,
      "node_classification_accuracy": 0.029399998486042023
    },
    "anomaly_detection": {
      "neural": {
        "error": "Target size (torch.Size([1])) must be the same as input size (torch.Size([]))"
      },
      "isolation_forest": {
        "accuracy": 0.7315,
        "precision": 0.0,
        "recall": 0.0,
        "f1_score": 0.0,
        "auc_score": 0.5,
        "threshold": 0.0
      }
    }
  }
}