{
  "dataset": "hdfs",
  "timestamp": "2025-08-04T15:25:53.249429",
  "model_config": {
    "input_dim": 10001,
    "output_dim": 32,
    "encoder_type": "gcn"
  },
  "results": {
    "representation_quality": {
      "embedding_variance": 0.004143767058849335,
      "embedding_norm": 0.3227149248123169,
      "mean_cosine_similarity": 0.9775245189666748,
      "std_cosine_similarity": 0.02941708452999592
    },
    "ssl_tasks": {
      "masked_node_prediction_loss": 0.0007911213906481862,
      "edge_prediction_loss": 0.5489035248756409,
      "edge_prediction_auc": 0.9689084616244418,
      "node_classification_loss": 1.2010873556137085,
      "node_classification_accuracy": 0.030299998819828033
    },
    "anomaly_detection": {
      "isolation_forest": {
        "accuracy": 0.7356666666666667,
        "precision": 0.0,
        "recall": 0.0,
        "f1_score": 0.0,
        "auc_score": 0.5,
        "threshold": 0.0
      },
      "one_class_svm": {
        "accuracy": 0.2643333333333333,
        "precision": 0.2643333333333333,
        "recall": 1.0,
        "f1_score": 0.4181386765093593,
        "auc_score": 0.5846575524054781,
        "threshold": 0.0
      }
    }
  }
}