{
  "dataset": "hdfs_full_fixed2",
  "timestamp": "2025-08-07T16:49:57.253329",
  "model_config": {
    "input_dim": 10001,
    "output_dim": 64,
    "encoder_type": "gat"
  },
  "results": {
    "representation_quality": {
      "embedding_variance": 0.14976626634597778,
      "embedding_norm": 7.994852542877197,
      "mean_cosine_similarity": 0.8559678792953491,
      "std_cosine_similarity": 0.26088160276412964
    },
    "ssl_tasks": {
      "masked_node_prediction_loss": 0.0037651173770427704,
      "edge_prediction_loss": 0.8572472333908081,
      "edge_prediction_auc": 0.204526202633493,
      "node_classification_loss": 1.196280837059021,
      "node_classification_accuracy": 0.17249999940395355
    },
    "anomaly_detection": {
      "neural": {
        "accuracy": 0.7315,
        "precision": 0.0,
        "recall": 0.0,
        "f1_score": 0.0,
        "auc_score": 0.47882148234985633,
        "threshold": 0.2145160287618637
      },
      "isolation_forest": {
        "accuracy": 0.7315,
        "precision": 0.0,
        "recall": 0.0,
        "f1_score": 0.0,
        "auc_score": 0.5,
        "threshold": 0.0
      }
    }
  }
}